{"dynamic_mean": [65814736022.65516, 6.665707415654664e+17, 1983770531243.813, -2030877375321.897, -468168195720.8607, 374.61404704047914, 0.24137563507834092, 0.46697644349998013, 0.5908247683798514, 3.3761000869938087], "dynamic_std": [358149054800.9244, 3.0506616159344317e+18, 11013406832109.078, 11131733942093.61, 2614893890690.0825, 893.6100724929332, 0.35988026561116826, 0.39069984096072874, 0.36084313844525506, 2.0184422843600553], "static_mean": [53085921519.491646, 1.3614982913332021e+17], "static_std": [1727181217.2581887, 1.2575514750422042e+16], "target_mean": 44179157.28072929, "target_std": 881479486.5841057}